{
  "name": "react_repo",
  "private": true,
  "version": "0.0.0",
  "type": "module",
  "scripts": {
    "dev": "pnpm install --prefer-offline && vite",
    "build": "pnpm install --prefer-offline && rm -rf node_modules/.vite-temp && tsc -b && vite build",
    "build:prod": "pnpm install --prefer-offline && rm -rf node_modules/.vite-temp && tsc -b && BUILD_MODE=prod vite build",
    "lint": "pnpm install --prefer-offline && eslint .",
    "preview": "pnpm install --prefer-offline && vite preview",
    "install-deps": "pnpm install --prefer-offline",
    "clean": "rm -rf node_modules .pnpm-store pnpm-lock.yaml && pnpm store prune"
  },
  "dependencies": {
    "@hookform/resolvers": "^3.10.0",
    "@radix-ui/react-accordion": "^1.2.2",
    "@radix-ui/react-alert-dialog": "^1.1.4",
    "@radix-ui/react-aspect-ratio": "^1.1.1",
    "@radix-ui/react-avatar": "^1.1.2",
    "@radix-ui/react-checkbox": "^1.1.3",
    "@radix-ui/react-collapsible": "^1.1.2",
    "@radix-ui/react-context-menu": "^2.2.4",
    "@radix-ui/react-dialog": "^1.1.4",
    "@radix-ui/react-dropdown-menu": "^2.1.4",
    "@radix-ui/react-hover-card": "^1.1.4",
    "@radix-ui/react-label": "^2.1.1",
    "@radix-ui/react-menubar": "^1.1.4",
    "@radix-ui/react-navigation-menu": "^1.2.3",
    "@radix-ui/react-popover": "^1.1.4",
    "@radix-ui/react-progress": "^1.1.1",
    "@radix-ui/react-radio-group": "^1.2.2",
    "@radix-ui/react-scroll-area": "^1.2.2",
    "@radix-ui/react-select": "^2.1.4",
    "@radix-ui/react-separator": "^1.1.1",
    "@radix-ui/react-slider": "^1.2.2",
    "@radix-ui/react-slot": "^1.1.1",
    "@radix-ui/react-switch": "^1.1.2",
    "@radix-ui/react-tabs": "^1.1.2",
    "@radix-ui/react-toast": "^1.2.4",
    "@radix-ui/react-toggle": "^1.1.1",
    "@radix-ui/react-toggle-group": "^1.1.1",
    "@radix-ui/react-tooltip": "^1.1.6",
    "@supabase/supabase-js": "^2.78.0",
    "@types/jspdf": "^2.0.0",
    "chart.js": "^4.5.1",
    "class-variance-authority": "^0.7.1",
    "clsx": "^2.1.1",
    "cmdk": "1.0.0",
    "date-fns": "^3.0.0",
    "embla-carousel-react": "^8.5.2",
    "html2canvas": "^1.4.1",
    "i18next": "^25.6.0",
    "i18next-browser-languagedetector": "^8.2.0",
    "input-otp": "^1.4.2",
    "jspdf": "^3.0.3",
    "lucide-react": "^0.364.0",
    "next-themes": "^0.4.4",
    "react": "^18.3.1",
    "react-chartjs-2": "^5.3.1",
    "react-day-picker": "8.10.1",
    "react-dom": "^18.3.1",
    "react-hook-form": "^7.54.2",
    "react-i18next": "^16.2.3",
    "react-resizable-panels": "^2.1.7",
    "react-router-dom": "^6",
    "recharts": "^2.12.4",
    "sonner": "^1.7.2",
    "tailwind-merge": "^2.6.0",
    "tailwindcss-animate": "^1.0.7",
    "vaul": "^1.1.2",
    "zod": "^3.24.1"
  },
  "devDependencies": {
    "@eslint/js": "^9.15.0",
    "@types/node": "^22.10.7",
    "@types/react": "^18.3.12",
    "@types/react-dom": "^18.3.1",
    "@types/react-router-dom": "^5",
    "@vitejs/plugin-react": "^4.3.4",
    "autoprefixer": "10.4.20",
    "eslint": "^9.15.0",
    "eslint-plugin-react-hooks": "^5.0.0",
    "eslint-plugin-react-refresh": "^0.4.14",
    "globals": "^15.12.0",
    "postcss": "8.4.49",
    "tailwindcss": "v3.4.16",
    "typescript": "~5.6.2",
    "typescript-eslint": "^8.15.0",
    "vite": "^6.0.1",
    "vite-plugin-source-identifier": "1.1.2"
  }
}